Hostname,IP,URL,CPU,RAM,Hard Disk,OS,Monitoraggio,Ambiente,Ruolo,ID CI,Stato,Porta,Protocollo,Funzione,Localizzazione,Priorità,Versione OS,Backup,Firewall,Note
VM-1,10.0.1.229,N/A,2 vCPUs,32 GB,256 GB SSD,Windows Server 2019,CheckMK,Prod,ml,d3e47cff-a6a4-4839-940f-fb593ed631bf,Attivo,443,HTTP,Produzione,Data Center 2,Alta,Latest,No,No,Generato automaticamente
VM-2,10.0.0.214,N/A,4 vCPUs,64 GB,256 GB SSD,CentOS 8,Nagios,Dev,oracle-db,920eefd9-f9b0-43bb-9258-0639eb9205d3,Inattivo,443,HTTPS,Test,Data Center 2,Media,Stable,No,No,Generato automaticamente
Gateway-3,192.168.1.242,N/A,4 vCPUs,64 GB,256 GB SSD,Debian 10,Prometheus,Dev,test,bbe05a1e-0035-4edc-b238-26c1958b222c,Inattivo,22,SSH,Sviluppo,Data Center 2,Media,Old,No,Sì,Generato automaticamente
Firewall-4,172.16.0.53,N/A,16 vCPUs,16 GB,1024 GB SSD,Ubuntu 20.04,CheckMK,Prod,test,553e1129-025f-486f-8410-932465db1b28,Attivo,80,SSH,Sviluppo,Data Center 1,Bassa,Stable,Sì,Sì,Generato automaticamente
VM-5,10.0.0.189,N/A,16 vCPUs,8 GB,512 GB SSD,Debian 10,Prometheus,Prod,ml,3346034e-6186-4951-abb6-80489e51c844,Inattivo,22,SSH,Test,Data Center 1,Alta,Stable,Sì,No,Generato automaticamente
Gateway-6,10.0.0.117,N/A,8 vCPUs,8 GB,512 GB SSD,Windows Server 2019,Nagios,Prod,kube-node,9f0496c3-f94c-466b-a37a-969bf7f02228,Attivo,443,HTTPS,Produzione,Data Center 2,Bassa,Latest,Sì,No,Generato automaticamente
VM-7,10.0.0.188,N/A,4 vCPUs,16 GB,256 GB SSD,Ubuntu 20.04,CheckMK,Test,independent,82839d82-f490-4c12-96e8-c9020e2291bf,Inattivo,80,HTTP,Test,Data Center 1,Alta,Old,No,No,Generato automaticamente
VM-8,192.168.1.172,N/A,2 vCPUs,16 GB,1024 GB SSD,Windows Server 2019,Nagios,Dev,router,65607277-1854-48bf-be87-6a47766dcda1,Attivo,443,HTTP,Produzione,Data Center 1,Bassa,Latest,No,No,Generato automaticamente
Firewall-9,192.168.1.193,N/A,8 vCPUs,16 GB,1024 GB SSD,Windows Server 2019,Prometheus,Prod,router,7fc7e5c3-c736-4000-a5b5-db3f41caa33d,Attivo,443,HTTPS,Sviluppo,Data Center 2,Alta,Old,Sì,Sì,Generato automaticamente
Router-10,172.16.0.197,N/A,8 vCPUs,16 GB,1024 GB SSD,Windows Server 2019,Prometheus,Prod,kube-node,a77380e0-7191-406b-9cab-7b34128be730,Attivo,80,HTTPS,Test,Data Center 2,Media,Stable,No,Sì,Generato automaticamente
Firewall-11,192.168.1.139,N/A,16 vCPUs,32 GB,512 GB SSD,Debian 10,Nagios,Prod,router,e01b952b-5604-4f80-bccf-4354fcb8a68d,Inattivo,22,HTTPS,Produzione,Data Center 1,Bassa,Stable,Sì,Sì,Generato automaticamente
VM-12,10.0.1.112,N/A,8 vCPUs,16 GB,1024 GB SSD,Ubuntu 20.04,Prometheus,Test,kube-master,06a8b02c-7e28-43b4-b36a-c666b566c1a7,Attivo,22,HTTP,Test,Data Center 1,Alta,Stable,No,No,Generato automaticamente
Firewall-13,172.16.0.166,N/A,4 vCPUs,64 GB,512 GB SSD,Debian 10,CheckMK,Prod,docker-swarm,6f163f8e-28c9-423f-b5cc-ca5327525f4e,Inattivo,22,HTTPS,Sviluppo,Data Center 2,Alta,Old,No,No,Generato automaticamente
Server-14,10.0.0.20,N/A,4 vCPUs,64 GB,256 GB SSD,Ubuntu 20.04,Nagios,Prod,gateway,352f898a-8a0f-40af-b0a0-c4e742a76b38,Attivo,443,HTTPS,Sviluppo,Data Center 1,Bassa,Old,No,No,Generato automaticamente
Gateway-15,10.0.1.127,N/A,4 vCPUs,16 GB,512 GB SSD,Ubuntu 20.04,Prometheus,Dev,gateway,0f61a862-16bc-41cf-9726-1c082099a7de,Attivo,80,HTTPS,Sviluppo,Data Center 1,Bassa,Old,No,No,Generato automaticamente
Firewall-16,172.16.0.54,N/A,8 vCPUs,32 GB,256 GB SSD,CentOS 8,Nagios,Test,router,95240c7f-e8ec-4570-a396-f82e7014239e,Attivo,22,HTTP,Test,Data Center 1,Media,Stable,No,Sì,Generato automaticamente
Router-17,10.0.0.68,N/A,4 vCPUs,8 GB,256 GB SSD,Windows Server 2019,Nagios,Prod,docker-swarm,b5c744ec-4be7-440f-8254-5ce1cfea22af,Inattivo,443,SSH,Produzione,Data Center 1,Alta,Old,Sì,Sì,Generato automaticamente
VM-18,172.16.0.38,N/A,4 vCPUs,64 GB,512 GB SSD,Debian 10,CheckMK,Dev,kube-master,5c028df2-c549-46e7-8490-3ddd929d07db,Attivo,443,SSH,Sviluppo,Data Center 1,Alta,Latest,No,Sì,Generato automaticamente
Router-19,10.0.1.43,N/A,4 vCPUs,8 GB,512 GB SSD,Ubuntu 20.04,Prometheus,Test,independent,c7e1e3a1-ae88-484f-8247-0e058040810c,Attivo,443,HTTPS,Produzione,Data Center 1,Bassa,Old,No,No,Generato automaticamente
Firewall-20,172.16.0.252,N/A,16 vCPUs,64 GB,512 GB SSD,Debian 10,Nagios,Prod,gateway,29e429f7-9f9d-4a47-9f25-fa1d120d74de,Attivo,22,HTTPS,Sviluppo,Data Center 1,Media,Old,Sì,No,Generato automaticamente
VM-21,10.0.0.243,N/A,8 vCPUs,16 GB,1024 GB SSD,Ubuntu 20.04,Nagios,Prod,oracle-db,d7708001-fb3d-4e5f-b22e-f832fb84688a,Attivo,80,HTTP,Test,Data Center 2,Bassa,Old,Sì,No,Generato automaticamente
Server-22,10.0.1.187,N/A,8 vCPUs,32 GB,512 GB SSD,CentOS 8,Nagios,Prod,dev,4a1e83ac-d61b-427d-ac80-55ba6706da39,Attivo,443,HTTP,Sviluppo,Data Center 2,Media,Stable,Sì,Sì,Generato automaticamente
Gateway-23,10.0.1.86,N/A,2 vCPUs,64 GB,256 GB SSD,Debian 10,Nagios,Dev,monitor,f3a4cc32-4fcc-460c-a850-63d77732a7d1,Attivo,443,HTTPS,Test,Data Center 1,Bassa,Latest,No,No,Generato automaticamente
VM-24,172.16.0.174,N/A,2 vCPUs,16 GB,512 GB SSD,Debian 10,CheckMK,Test,web,ebed35b0-c5a4-44c7-ba60-21f2e944318a,Inattivo,22,HTTP,Sviluppo,Data Center 2,Media,Stable,No,No,Generato automaticamente
Router-25,192.168.1.82,N/A,8 vCPUs,64 GB,1024 GB SSD,Windows Server 2019,CheckMK,Test,ml,63db577b-9fa5-4293-a62d-954295ba5281,Attivo,80,HTTPS,Produzione,Data Center 1,Alta,Stable,No,Sì,Generato automaticamente
VM-26,192.168.1.57,N/A,16 vCPUs,64 GB,256 GB SSD,CentOS 8,Nagios,Prod,kube-master,8a2c2499-37a4-400b-9089-9eaa092d38e4,Inattivo,80,HTTPS,Produzione,Data Center 1,Bassa,Latest,Sì,Sì,Generato automaticamente
Router-27,10.0.1.253,N/A,2 vCPUs,64 GB,1024 GB SSD,Debian 10,Nagios,Prod,independent,9c2efc9b-e583-4446-b8aa-b7eec277d28c,Inattivo,22,HTTPS,Sviluppo,Data Center 2,Media,Old,No,Sì,Generato automaticamente
Gateway-28,172.16.0.33,N/A,8 vCPUs,16 GB,256 GB SSD,Ubuntu 20.04,Prometheus,Dev,oracle-db,8444a3dd-07f8-49ba-ad0e-18d6f4d7b4ea,Attivo,443,HTTP,Test,Data Center 2,Bassa,Latest,No,No,Generato automaticamente
Firewall-29,172.16.0.199,N/A,2 vCPUs,16 GB,1024 GB SSD,CentOS 8,CheckMK,Dev,oracle-db,dff3ba3b-c27a-4cac-b149-55ba9b705a6b,Attivo,443,HTTP,Test,Data Center 2,Media,Old,No,Sì,Generato automaticamente
Gateway-30,192.168.1.121,N/A,16 vCPUs,32 GB,256 GB SSD,Debian 10,CheckMK,Dev,web,36454d51-54a7-4e67-8d24-6ce0f0c388f0,Attivo,80,HTTP,Sviluppo,Data Center 2,Alta,Latest,Sì,Sì,Generato automaticamente
Router-31,192.168.1.235,N/A,8 vCPUs,32 GB,1024 GB SSD,Ubuntu 20.04,Nagios,Test,dev,fdc1790c-5d06-4017-bdfb-9bcb8691aa51,Inattivo,443,HTTP,Sviluppo,Data Center 2,Bassa,Old,Sì,No,Generato automaticamente
Gateway-32,10.0.1.7,N/A,4 vCPUs,16 GB,512 GB SSD,Windows Server 2019,Nagios,Prod,router,c3fc335b-7d77-4166-9660-6285380e356b,Inattivo,80,HTTPS,Sviluppo,Data Center 2,Bassa,Stable,No,Sì,Generato automaticamente
Server-33,10.0.1.232,N/A,8 vCPUs,8 GB,1024 GB SSD,Debian 10,Prometheus,Prod,independent,7bd724b7-2183-49e7-a750-0f327834b539,Attivo,22,HTTP,Test,Data Center 1,Alta,Latest,No,Sì,Generato automaticamente
Server-34,10.0.0.178,N/A,8 vCPUs,32 GB,256 GB SSD,Windows Server 2019,CheckMK,Test,router,340eb2ee-b670-4191-93a7-06c221a92000,Attivo,22,HTTPS,Produzione,Data Center 2,Alta,Old,Sì,Sì,Generato automaticamente
Server-35,10.0.0.16,N/A,16 vCPUs,32 GB,1024 GB SSD,Windows Server 2019,Prometheus,Prod,ml,5b71c565-9754-4fd1-9132-b48b13e555b6,Attivo,80,HTTPS,Sviluppo,Data Center 1,Media,Stable,Sì,No,Generato automaticamente
Firewall-36,10.0.1.31,N/A,2 vCPUs,32 GB,512 GB SSD,CentOS 8,Prometheus,Test,docker-swarm,517b3813-4ee8-4be6-a12a-08edc1e1d7a4,Attivo,80,HTTP,Sviluppo,Data Center 1,Bassa,Latest,Sì,Sì,Generato automaticamente
Server-37,10.0.0.170,N/A,16 vCPUs,8 GB,512 GB SSD,Debian 10,CheckMK,Test,kube-node,ded45492-2f14-4992-bc76-fdb83ba169a6,Inattivo,22,SSH,Produzione,Data Center 2,Media,Old,Sì,No,Generato automaticamente
Gateway-38,10.0.1.101,N/A,2 vCPUs,16 GB,512 GB SSD,Windows Server 2019,Nagios,Dev,router,750400f1-7dc2-4f4a-bd42-bfa2bea6f9c1,Attivo,22,HTTP,Sviluppo,Data Center 2,Alta,Old,No,Sì,Generato automaticamente
Router-39,10.0.0.163,N/A,2 vCPUs,8 GB,1024 GB SSD,Debian 10,Nagios,Prod,test,d9145234-b0cf-4ae2-ad92-efd94ea85f66,Inattivo,80,SSH,Sviluppo,Data Center 1,Bassa,Stable,Sì,Sì,Generato automaticamente
VM-40,10.0.1.84,N/A,16 vCPUs,8 GB,256 GB SSD,Debian 10,CheckMK,Test,dev,2c8d0fa0-59f6-44c9-ab80-05f6e85e77d3,Inattivo,80,SSH,Test,Data Center 1,Alta,Latest,No,Sì,Generato automaticamente
Router-41,10.0.0.155,N/A,4 vCPUs,32 GB,1024 GB SSD,Debian 10,Nagios,Dev,monitor,9cf11ff9-8795-4460-9175-e6a29746a63a,Attivo,443,HTTPS,Sviluppo,Data Center 2,Alta,Stable,No,No,Generato automaticamente
Gateway-42,192.168.1.78,N/A,2 vCPUs,32 GB,256 GB SSD,CentOS 8,CheckMK,Dev,dev,68469bf7-4903-4bba-94b2-447a2860b4ca,Attivo,80,HTTPS,Sviluppo,Data Center 2,Alta,Stable,Sì,Sì,Generato automaticamente
Gateway-43,172.16.0.234,N/A,2 vCPUs,32 GB,1024 GB SSD,CentOS 8,Nagios,Dev,independent,cec2623f-ad88-4dfa-9c3e-65a670406ea5,Inattivo,80,SSH,Sviluppo,Data Center 2,Media,Latest,No,Sì,Generato automaticamente
Gateway-44,172.16.0.193,N/A,16 vCPUs,64 GB,256 GB SSD,Debian 10,CheckMK,Prod,independent,61e6eb43-7ac4-46e6-9c45-2ddc13d68426,Attivo,443,SSH,Sviluppo,Data Center 2,Alta,Latest,No,No,Generato automaticamente
Gateway-45,172.16.0.39,N/A,8 vCPUs,8 GB,1024 GB SSD,Ubuntu 20.04,CheckMK,Prod,router,99553bb2-e930-4d88-9821-91896933f9c2,Attivo,443,HTTP,Sviluppo,Data Center 2,Media,Latest,No,Sì,Generato automaticamente
Firewall-46,192.168.1.34,N/A,2 vCPUs,64 GB,256 GB SSD,Debian 10,CheckMK,Test,gateway,cb17a5a3-6f34-4342-9588-156d8474fa6b,Attivo,443,HTTPS,Produzione,Data Center 2,Media,Stable,Sì,No,Generato automaticamente
Router-47,172.16.0.4,N/A,4 vCPUs,8 GB,1024 GB SSD,Ubuntu 20.04,Nagios,Prod,oracle-db,54f32bc8-284a-4276-ab88-4f346f61aec9,Inattivo,80,HTTP,Sviluppo,Data Center 1,Alta,Stable,Sì,No,Generato automaticamente
Gateway-48,10.0.0.60,N/A,4 vCPUs,8 GB,1024 GB SSD,Windows Server 2019,CheckMK,Dev,dev,6c6558c4-96bc-44ec-a003-ba8dc32057c1,Inattivo,443,SSH,Sviluppo,Data Center 2,Alta,Latest,Sì,Sì,Generato automaticamente
Firewall-49,192.168.1.105,N/A,16 vCPUs,64 GB,1024 GB SSD,Debian 10,Prometheus,Dev,gateway,090eee29-5030-44a1-8c9a-f2376d4d84d0,Inattivo,22,HTTP,Sviluppo,Data Center 2,Alta,Latest,Sì,No,Generato automaticamente
Gateway-50,192.168.1.52,N/A,16 vCPUs,8 GB,256 GB SSD,CentOS 8,Nagios,Test,dev,72f91bfd-5ab1-4be3-a72b-a3c4b34fff0d,Attivo,80,SSH,Produzione,Data Center 1,Alta,Latest,No,Sì,Generato automaticamente
Firewall-51,172.16.0.174,N/A,16 vCPUs,64 GB,512 GB SSD,Ubuntu 20.04,Nagios,Test,gateway,ad405494-b75d-4b2e-87db-0dcdd5941b52,Inattivo,80,SSH,Test,Data Center 1,Bassa,Old,No,Sì,Generato automaticamente
Router-52,10.0.0.244,N/A,8 vCPUs,8 GB,512 GB SSD,CentOS 8,Nagios,Test,kube-master,2d20c354-1083-4d55-9b82-1eed368d5937,Attivo,443,HTTPS,Test,Data Center 2,Bassa,Latest,No,No,Generato automaticamente
Router-53,10.0.1.19,N/A,16 vCPUs,16 GB,512 GB SSD,Ubuntu 20.04,Prometheus,Prod,kube-node,2021a5fd-5f38-4c56-a53d-c6122eb1caa0,Attivo,22,HTTP,Test,Data Center 2,Bassa,Latest,Sì,No,Generato automaticamente
VM-54,192.168.1.194,N/A,2 vCPUs,32 GB,256 GB SSD,Debian 10,Nagios,Prod,test,1d78e921-82be-463d-91ba-13c751db6ef5,Attivo,22,HTTPS,Sviluppo,Data Center 2,Alta,Stable,Sì,No,Generato automaticamente
Gateway-55,192.168.1.131,N/A,8 vCPUs,8 GB,512 GB SSD,Windows Server 2019,Nagios,Prod,test,aa725b8d-817a-49d1-996e-bcc4072c2ad4,Inattivo,80,HTTP,Test,Data Center 1,Media,Stable,No,No,Generato automaticamente
Firewall-56,172.16.0.180,N/A,8 vCPUs,32 GB,512 GB SSD,CentOS 8,CheckMK,Test,monitor,70f13626-cd7f-47a4-a999-9a2e31ff9e3a,Inattivo,80,HTTP,Test,Data Center 1,Alta,Latest,No,No,Generato automaticamente
Firewall-57,192.168.1.195,N/A,4 vCPUs,32 GB,256 GB SSD,Ubuntu 20.04,Prometheus,Test,independent,5ad32426-597b-4436-a78d-b0a1f2a5f7ad,Inattivo,443,SSH,Test,Data Center 1,Media,Old,No,Sì,Generato automaticamente
VM-58,10.0.0.179,N/A,16 vCPUs,16 GB,512 GB SSD,Debian 10,Nagios,Test,kube-master,33db9e67-fe03-44fd-9835-8aaec3b68d0f,Inattivo,80,HTTP,Sviluppo,Data Center 1,Alta,Stable,Sì,Sì,Generato automaticamente
Server-59,10.0.1.5,N/A,16 vCPUs,32 GB,1024 GB SSD,Debian 10,Nagios,Test,web,5b0e6282-2611-4353-81df-a03e78624b28,Attivo,22,HTTP,Produzione,Data Center 1,Alta,Stable,No,Sì,Generato automaticamente
VM-60,172.16.0.153,N/A,8 vCPUs,16 GB,512 GB SSD,Windows Server 2019,Nagios,Dev,independent,41898ee1-3a64-4919-b221-d57fea8e5470,Inattivo,443,HTTPS,Test,Data Center 1,Media,Stable,No,Sì,Generato automaticamente
Firewall-61,192.168.1.163,N/A,16 vCPUs,32 GB,1024 GB SSD,CentOS 8,Nagios,Test,web,50858868-6607-4bbd-a050-1e4955c0399e,Attivo,80,SSH,Sviluppo,Data Center 2,Alta,Stable,No,Sì,Generato automaticamente
Server-62,10.0.0.106,N/A,2 vCPUs,8 GB,1024 GB SSD,Windows Server 2019,Nagios,Dev,kube-node,fc0e12ef-8a5b-489c-824a-4f5a84070e34,Inattivo,22,SSH,Test,Data Center 1,Bassa,Stable,Sì,No,Generato automaticamente
VM-63,172.16.0.191,N/A,16 vCPUs,8 GB,1024 GB SSD,Windows Server 2019,Nagios,Test,docker-swarm,0215a4c8-c8bd-4d90-a635-8a12e56804f0,Attivo,80,HTTP,Produzione,Data Center 2,Media,Stable,Sì,No,Generato automaticamente
Server-64,10.0.1.75,N/A,16 vCPUs,8 GB,256 GB SSD,CentOS 8,Nagios,Prod,independent,4931728f-e1d5-4b7f-b5f4-53ccccc6f448,Inattivo,22,HTTPS,Sviluppo,Data Center 2,Media,Latest,No,No,Generato automaticamente
Firewall-65,192.168.1.243,N/A,16 vCPUs,8 GB,512 GB SSD,Debian 10,Prometheus,Dev,oracle-db,1f303322-3ac7-4e14-bf2b-1559977c44c7,Inattivo,22,SSH,Test,Data Center 2,Media,Latest,No,Sì,Generato automaticamente
Firewall-66,10.0.0.4,N/A,2 vCPUs,16 GB,256 GB SSD,CentOS 8,Nagios,Dev,dev,95d273d5-224d-4c69-8c9a-fafcc968f4ad,Attivo,80,HTTP,Produzione,Data Center 2,Media,Old,Sì,No,Generato automaticamente
VM-67,172.16.0.205,N/A,8 vCPUs,32 GB,256 GB SSD,CentOS 8,Prometheus,Test,firewall,e7701043-22c7-47ff-85cd-eb02d081f3f9,Inattivo,443,HTTP,Sviluppo,Data Center 2,Bassa,Latest,Sì,No,Generato automaticamente
Firewall-68,10.0.0.162,N/A,4 vCPUs,32 GB,1024 GB SSD,Ubuntu 20.04,Nagios,Dev,gateway,f051703f-c11b-4d15-abfe-6d63759c0198,Attivo,80,HTTP,Sviluppo,Data Center 1,Alta,Stable,No,No,Generato automaticamente
Router-69,10.0.0.221,N/A,8 vCPUs,16 GB,512 GB SSD,Ubuntu 20.04,Prometheus,Prod,test,cf97f764-28b1-452e-ac64-8215f8aee7db,Inattivo,443,SSH,Test,Data Center 1,Bassa,Old,No,No,Generato automaticamente
Router-70,172.16.0.52,N/A,16 vCPUs,64 GB,512 GB SSD,Ubuntu 20.04,CheckMK,Test,test,b0b6c818-a91f-4d51-91b2-a6cb09f4be68,Attivo,80,HTTPS,Sviluppo,Data Center 1,Alta,Old,No,No,Generato automaticamente
VM-71,172.16.0.148,N/A,4 vCPUs,64 GB,512 GB SSD,Windows Server 2019,Prometheus,Test,oracle-db,a4b0987c-c4c7-47ee-9909-6dbb703b048e,Inattivo,22,SSH,Produzione,Data Center 1,Media,Stable,No,No,Generato automaticamente
Gateway-72,10.0.1.126,N/A,2 vCPUs,64 GB,1024 GB SSD,Windows Server 2019,CheckMK,Prod,independent,4c6ad914-1fbc-49ff-923c-aa12550fe5ef,Attivo,80,SSH,Produzione,Data Center 2,Alta,Latest,No,Sì,Generato automaticamente
Router-73,10.0.1.121,N/A,16 vCPUs,8 GB,512 GB SSD,Debian 10,Nagios,Dev,oracle-db,77ebc523-4281-44b4-8386-18ddb797d74d,Attivo,22,HTTP,Sviluppo,Data Center 1,Media,Stable,No,Sì,Generato automaticamente
Gateway-74,10.0.0.15,N/A,4 vCPUs,16 GB,512 GB SSD,Windows Server 2019,Prometheus,Test,independent,bd356204-6302-4275-84b0-9b3561dc1cfd,Attivo,80,SSH,Test,Data Center 2,Alta,Old,No,No,Generato automaticamente
Server-75,10.0.0.166,N/A,8 vCPUs,32 GB,512 GB SSD,Windows Server 2019,Nagios,Prod,docker-swarm,a7f83326-4199-41f3-8234-2e5c242f30de,Attivo,443,HTTPS,Produzione,Data Center 1,Media,Stable,Sì,Sì,Generato automaticamente
Gateway-76,10.0.0.178,N/A,8 vCPUs,8 GB,512 GB SSD,Windows Server 2019,Prometheus,Prod,kube-master,ff6ad441-829b-4de8-9792-a3f990da30c8,Inattivo,80,HTTP,Test,Data Center 2,Media,Latest,No,No,Generato automaticamente
Router-77,10.0.1.216,N/A,16 vCPUs,16 GB,256 GB SSD,Windows Server 2019,Nagios,Dev,web,032851d9-4b86-4666-80f9-c6561e1ab667,Attivo,443,HTTP,Produzione,Data Center 1,Media,Latest,No,Sì,Generato automaticamente
Server-78,10.0.1.243,N/A,2 vCPUs,16 GB,1024 GB SSD,Debian 10,Nagios,Test,router,57e69d6c-da20-4666-8183-475c249d7ba3,Attivo,22,HTTPS,Test,Data Center 1,Bassa,Old,Sì,No,Generato automaticamente
Gateway-79,10.0.0.109,N/A,8 vCPUs,32 GB,1024 GB SSD,CentOS 8,CheckMK,Test,kube-master,67269b89-c071-496d-9a0a-6c6ddeaa5b5a,Attivo,443,HTTP,Sviluppo,Data Center 2,Alta,Old,No,No,Generato automaticamente
Firewall-80,172.16.0.34,N/A,4 vCPUs,32 GB,256 GB SSD,Debian 10,CheckMK,Dev,docker-swarm,861f45c8-c294-46f1-9b83-f1c7f94d301d,Inattivo,80,HTTPS,Sviluppo,Data Center 1,Bassa,Stable,No,No,Generato automaticamente
Gateway-81,10.0.0.66,N/A,8 vCPUs,16 GB,512 GB SSD,Windows Server 2019,Prometheus,Prod,dev,cfbb466c-b2ec-4860-94b2-822d543994f2,Attivo,443,SSH,Produzione,Data Center 1,Media,Old,Sì,No,Generato automaticamente
VM-82,192.168.1.165,N/A,8 vCPUs,16 GB,512 GB SSD,Debian 10,Nagios,Prod,oracle-db,8bf2aec4-f0bd-40ee-b4b4-2870ef25b655,Attivo,22,HTTPS,Produzione,Data Center 2,Alta,Old,Sì,No,Generato automaticamente
VM-83,192.168.1.132,N/A,2 vCPUs,32 GB,512 GB SSD,Ubuntu 20.04,CheckMK,Prod,kube-node,c9d8ee6c-8d01-4dfc-a784-55ebd329b72b,Inattivo,22,SSH,Sviluppo,Data Center 2,Bassa,Stable,Sì,Sì,Generato automaticamente
Firewall-84,172.16.0.204,N/A,4 vCPUs,64 GB,512 GB SSD,Ubuntu 20.04,Prometheus,Dev,firewall,de8c160e-f2a4-41cf-9a8a-a754ff59319d,Inattivo,443,SSH,Produzione,Data Center 1,Bassa,Stable,No,Sì,Generato automaticamente
Server-85,172.16.0.38,N/A,16 vCPUs,32 GB,256 GB SSD,Windows Server 2019,CheckMK,Test,independent,172ffb46-28b4-4399-939a-7b9cc59598be,Attivo,443,HTTPS,Produzione,Data Center 2,Alta,Latest,Sì,Sì,Generato automaticamente
Server-86,172.16.0.41,N/A,16 vCPUs,16 GB,1024 GB SSD,Ubuntu 20.04,Nagios,Prod,monitor,8d526b98-21ce-49e6-90f4-20b2d2dbe634,Attivo,443,HTTPS,Sviluppo,Data Center 1,Media,Stable,Sì,Sì,Generato automaticamente
Gateway-87,10.0.1.85,N/A,8 vCPUs,32 GB,512 GB SSD,Debian 10,Prometheus,Test,kube-node,99c016d9-aa78-4177-ab9a-ed54e10d6b41,Attivo,22,HTTP,Sviluppo,Data Center 1,Media,Latest,No,Sì,Generato automaticamente
Firewall-88,192.168.1.125,N/A,8 vCPUs,32 GB,1024 GB SSD,CentOS 8,CheckMK,Prod,kube-node,4cc9b679-f1dd-4412-a824-1b5aaa02ad24,Inattivo,80,HTTPS,Test,Data Center 1,Media,Stable,Sì,Sì,Generato automaticamente
VM-89,10.0.0.189,N/A,2 vCPUs,16 GB,256 GB SSD,Ubuntu 20.04,Nagios,Test,test,0b4f8294-cbed-4429-84ee-69fae5ecbf4e,Inattivo,80,HTTPS,Sviluppo,Data Center 1,Alta,Old,No,Sì,Generato automaticamente
Router-90,10.0.0.82,N/A,8 vCPUs,8 GB,1024 GB SSD,Debian 10,CheckMK,Test,web,96f64a2c-3557-4fe9-be15-dd4d3c5f55af,Inattivo,22,HTTPS,Produzione,Data Center 1,Bassa,Latest,Sì,Sì,Generato automaticamente
Firewall-91,172.16.0.199,N/A,16 vCPUs,16 GB,256 GB SSD,Ubuntu 20.04,CheckMK,Prod,oracle-db,729389f0-300d-4b32-8aea-cdf613d9dcf8,Inattivo,22,HTTPS,Test,Data Center 1,Bassa,Latest,No,No,Generato automaticamente
Gateway-92,192.168.1.17,N/A,2 vCPUs,64 GB,256 GB SSD,Debian 10,Nagios,Test,gateway,4bdeea3d-02ff-4ac7-9992-bee79b6127de,Attivo,443,SSH,Sviluppo,Data Center 2,Alta,Latest,Sì,Sì,Generato automaticamente
Firewall-93,172.16.0.203,N/A,2 vCPUs,8 GB,256 GB SSD,Windows Server 2019,Prometheus,Dev,monitor,2c3c1951-9e9f-4dba-be0b-ec3e2cf6d208,Attivo,22,HTTP,Produzione,Data Center 1,Media,Stable,Sì,No,Generato automaticamente
VM-94,10.0.0.144,N/A,4 vCPUs,32 GB,256 GB SSD,Debian 10,Nagios,Test,independent,e69c8384-966f-475d-8c3b-d53b1cb4e8fa,Inattivo,22,HTTPS,Sviluppo,Data Center 2,Bassa,Latest,No,Sì,Generato automaticamente
VM-95,192.168.1.23,N/A,2 vCPUs,32 GB,256 GB SSD,Windows Server 2019,Nagios,Prod,kube-node,7ba553c8-c075-4188-9e94-de0e87380060,Inattivo,22,SSH,Test,Data Center 2,Alta,Old,No,No,Generato automaticamente
Server-96,192.168.1.4,N/A,8 vCPUs,16 GB,1024 GB SSD,Ubuntu 20.04,CheckMK,Test,ml,a0f01622-5914-406b-a965-641b9a594bae,Inattivo,80,SSH,Produzione,Data Center 2,Media,Old,Sì,No,Generato automaticamente
Gateway-97,10.0.0.14,N/A,16 vCPUs,32 GB,512 GB SSD,CentOS 8,Nagios,Prod,oracle-db,e5669f8e-2907-4acd-ab29-ca5b936ca61e,Attivo,443,HTTP,Sviluppo,Data Center 1,Media,Latest,No,Sì,Generato automaticamente
Gateway-98,10.0.1.30,N/A,2 vCPUs,16 GB,512 GB SSD,CentOS 8,Prometheus,Test,router,d8e7eebb-65b2-4b6b-b978-270b063afd36,Inattivo,80,SSH,Sviluppo,Data Center 2,Bassa,Stable,No,Sì,Generato automaticamente
Gateway-99,172.16.0.39,N/A,2 vCPUs,16 GB,256 GB SSD,Windows Server 2019,CheckMK,Test,kube-master,62cbba11-646e-40a1-a0ed-949155823198,Inattivo,80,HTTP,Test,Data Center 1,Bassa,Latest,No,Sì,Generato automaticamente
Gateway-100,10.0.0.68,N/A,8 vCPUs,16 GB,512 GB SSD,Ubuntu 20.04,Prometheus,Prod,ml,20ed379c-a17e-473c-9ac2-857019199dda,Inattivo,80,HTTPS,Sviluppo,Data Center 1,Bassa,Old,Sì,Sì,Generato automaticamente
Gateway-101,10.0.1.192,N/A,4 vCPUs,8 GB,1024 GB SSD,Windows Server 2019,Prometheus,Prod,web,10414131-b8b1-4beb-b4d3-e5b727029d80,Inattivo,22,SSH,Test,Data Center 2,Bassa,Stable,No,Sì,Generato automaticamente
Gateway-102,192.168.1.129,N/A,2 vCPUs,8 GB,256 GB SSD,Ubuntu 20.04,CheckMK,Dev,test,921435e0-9732-4a33-add7-113cf2dcf7d9,Attivo,80,SSH,Produzione,Data Center 1,Media,Stable,No,Sì,Generato automaticamente
Gateway-103,172.16.0.243,N/A,16 vCPUs,32 GB,1024 GB SSD,CentOS 8,CheckMK,Dev,firewall,85d32c4e-699d-4a3e-b34f-60a954ca3fb9,Attivo,22,HTTPS,Produzione,Data Center 2,Media,Stable,No,No,Generato automaticamente
Server-104,192.168.1.3,N/A,16 vCPUs,8 GB,1024 GB SSD,Debian 10,CheckMK,Dev,web,5744ff09-3122-4c8b-b1a8-41e01c4c39c1,Inattivo,80,HTTPS,Produzione,Data Center 1,Alta,Latest,No,Sì,Generato automaticamente
VM-105,172.16.0.68,N/A,16 vCPUs,64 GB,256 GB SSD,Windows Server 2019,CheckMK,Test,web,65366fc0-5b55-4424-bccf-fad79cdf3bb6,Attivo,80,SSH,Test,Data Center 2,Media,Latest,No,Sì,Generato automaticamente
VM-106,10.0.1.182,N/A,4 vCPUs,32 GB,256 GB SSD,Windows Server 2019,Nagios,Test,kube-master,77b6837c-1e03-4557-bb77-a55caef62a8d,Inattivo,443,HTTPS,Sviluppo,Data Center 1,Media,Old,Sì,No,Generato automaticamente
Firewall-107,10.0.1.51,N/A,8 vCPUs,32 GB,256 GB SSD,CentOS 8,Nagios,Dev,kube-node,c6dfa5e1-881d-4822-b3c1-cc9a2f937cc7,Inattivo,22,HTTP,Test,Data Center 2,Bassa,Old,No,Sì,Generato automaticamente
VM-108,10.0.0.214,N/A,8 vCPUs,16 GB,1024 GB SSD,CentOS 8,CheckMK,Dev,ml,e57174f5-a682-400b-9543-323f38bbb983,Attivo,80,HTTP,Produzione,Data Center 2,Alta,Old,Sì,No,Generato automaticamente
Router-109,172.16.0.54,N/A,16 vCPUs,64 GB,1024 GB SSD,Ubuntu 20.04,CheckMK,Dev,dev,232c7ff8-9dc8-4a3f-bd6e-97aaf10313a5,Attivo,80,HTTP,Sviluppo,Data Center 2,Media,Stable,No,No,Generato automaticamente
Router-110,10.0.1.78,N/A,16 vCPUs,16 GB,256 GB SSD,Ubuntu 20.04,Nagios,Test,router,db614965-a6b1-4108-a767-3b209498d8b6,Attivo,22,HTTP,Produzione,Data Center 2,Bassa,Old,No,No,Generato automaticamente
Gateway-111,10.0.1.166,N/A,16 vCPUs,64 GB,256 GB SSD,Debian 10,Nagios,Prod,kube-node,72278aba-3aa1-4f4a-a929-73249ecc70a0,Attivo,443,HTTP,Produzione,Data Center 1,Media,Old,No,No,Generato automaticamente
Gateway-112,172.16.0.7,N/A,2 vCPUs,32 GB,512 GB SSD,CentOS 8,Nagios,Dev,kube-node,cb10d276-f710-487a-8fb9-be9d849ad9ff,Attivo,22,HTTPS,Produzione,Data Center 2,Media,Latest,Sì,No,Generato automaticamente
Firewall-113,10.0.1.148,N/A,16 vCPUs,32 GB,512 GB SSD,Ubuntu 20.04,Prometheus,Dev,kube-node,2149f7b0-f21d-4910-b5b1-27722e34df8c,Attivo,443,SSH,Sviluppo,Data Center 1,Bassa,Stable,No,No,Generato automaticamente
Firewall-114,10.0.0.191,N/A,4 vCPUs,8 GB,256 GB SSD,CentOS 8,CheckMK,Test,gateway,4ecbe04b-cc7b-4bb7-a4ec-661f32e9e8a1,Attivo,22,HTTPS,Test,Data Center 1,Alta,Latest,Sì,No,Generato automaticamente
Firewall-115,172.16.0.21,N/A,4 vCPUs,16 GB,256 GB SSD,Ubuntu 20.04,CheckMK,Prod,monitor,28a70063-7a03-4061-8830-05f07d9c1d20,Attivo,443,HTTP,Test,Data Center 1,Bassa,Latest,Sì,No,Generato automaticamente
Firewall-116,10.0.1.156,N/A,16 vCPUs,8 GB,512 GB SSD,Debian 10,Nagios,Prod,dev,cc5c3022-4fd3-4d33-b78e-19980c9242be,Inattivo,443,HTTPS,Produzione,Data Center 2,Alta,Old,Sì,Sì,Generato automaticamente
Firewall-117,192.168.1.3,N/A,16 vCPUs,32 GB,256 GB SSD,Ubuntu 20.04,Prometheus,Dev,router,4ac983ca-d65c-4993-acff-b0b1a2588110,Inattivo,443,HTTP,Produzione,Data Center 1,Bassa,Old,No,Sì,Generato automaticamente
Server-118,172.16.0.60,N/A,16 vCPUs,32 GB,1024 GB SSD,Windows Server 2019,Prometheus,Test,web,354c5eab-e4c9-434d-b8fa-42f5d2f4492c,Inattivo,80,HTTPS,Produzione,Data Center 1,Bassa,Old,Sì,Sì,Generato automaticamente
Router-119,192.168.1.89,N/A,8 vCPUs,16 GB,512 GB SSD,Debian 10,Nagios,Dev,oracle-db,5b34235e-4494-4393-8615-0f5863e40efa,Attivo,22,SSH,Test,Data Center 1,Media,Old,No,No,Generato automaticamente
VM-120,172.16.0.143,N/A,4 vCPUs,64 GB,256 GB SSD,CentOS 8,Nagios,Dev,kube-master,503bcee2-75eb-470f-a3e1-fde8604a2aee,Inattivo,80,HTTPS,Sviluppo,Data Center 2,Alta,Old,No,Sì,Generato automaticamente
Firewall-121,10.0.1.80,N/A,4 vCPUs,64 GB,1024 GB SSD,Windows Server 2019,Prometheus,Test,independent,eec758f8-50cb-4d0f-8272-935db8aa4799,Inattivo,443,SSH,Test,Data Center 1,Alta,Latest,Sì,Sì,Generato automaticamente
Gateway-122,192.168.1.198,N/A,2 vCPUs,8 GB,512 GB SSD,CentOS 8,Nagios,Test,independent,acc0a2cb-041c-4b09-8800-2537cf75139c,Attivo,22,SSH,Produzione,Data Center 1,Alta,Old,No,No,Generato automaticamente
Firewall-123,172.16.0.173,N/A,2 vCPUs,16 GB,256 GB SSD,Debian 10,Prometheus,Dev,gateway,85544201-a263-4529-a235-b41a635267df,Inattivo,443,HTTP,Produzione,Data Center 2,Alta,Old,Sì,Sì,Generato automaticamente
Router-124,10.0.0.130,N/A,16 vCPUs,64 GB,1024 GB SSD,Ubuntu 20.04,Nagios,Test,gateway,4a430da1-a510-423f-baf9-1babaa8eed4a,Inattivo,22,SSH,Test,Data Center 1,Media,Latest,Sì,Sì,Generato automaticamente
Gateway-125,10.0.0.206,N/A,2 vCPUs,16 GB,512 GB SSD,Debian 10,Prometheus,Dev,test,e989556f-3452-4ab2-97ee-9d6d54d39f30,Inattivo,443,HTTPS,Sviluppo,Data Center 2,Media,Latest,No,Sì,Generato automaticamente
Firewall-126,192.168.1.195,N/A,2 vCPUs,16 GB,1024 GB SSD,Ubuntu 20.04,CheckMK,Prod,monitor,babe6a89-0b5e-460f-b642-b4e710524768,Attivo,443,HTTP,Test,Data Center 2,Bassa,Latest,Sì,No,Generato automaticamente
Server-127,10.0.0.179,N/A,4 vCPUs,32 GB,256 GB SSD,Windows Server 2019,CheckMK,Prod,dev,4040e514-1e8a-4d58-aa8e-12dfef1cb5fc,Inattivo,22,HTTPS,Sviluppo,Data Center 1,Media,Old,Sì,Sì,Generato automaticamente
Server-128,172.16.0.37,N/A,16 vCPUs,32 GB,512 GB SSD,Debian 10,CheckMK,Prod,monitor,8800d15f-2607-4223-b0ff-ee9582820c1e,Inattivo,80,HTTPS,Test,Data Center 2,Bassa,Old,No,Sì,Generato automaticamente
Server-129,10.0.0.53,N/A,4 vCPUs,32 GB,512 GB SSD,Ubuntu 20.04,Prometheus,Dev,gateway,f5a6ca3e-6944-4199-8e62-f5ae82eb4631,Attivo,443,HTTPS,Test,Data Center 2,Alta,Latest,No,No,Generato automaticamente
Gateway-130,172.16.0.48,N/A,4 vCPUs,64 GB,512 GB SSD,Ubuntu 20.04,Nagios,Test,docker-swarm,4f231e7a-cfa5-4e4e-a91d-9bacc74e808a,Inattivo,80,HTTPS,Produzione,Data Center 2,Media,Latest,No,No,Generato automaticamente
Firewall-131,10.0.1.183,N/A,8 vCPUs,64 GB,256 GB SSD,Ubuntu 20.04,Prometheus,Prod,monitor,fe860d70-c8ed-4677-bce7-58dc788b9fc7,Attivo,80,SSH,Test,Data Center 2,Bassa,Old,Sì,Sì,Generato automaticamente
VM-132,192.168.1.221,N/A,2 vCPUs,16 GB,1024 GB SSD,Windows Server 2019,Prometheus,Dev,router,128d2ee1-2dac-4e00-8352-6cf800d18ef2,Attivo,443,HTTPS,Produzione,Data Center 2,Media,Latest,Sì,Sì,Generato automaticamente
Firewall-133,192.168.1.189,N/A,8 vCPUs,32 GB,512 GB SSD,Ubuntu 20.04,Nagios,Test,firewall,5098cc37-afde-4290-b83e-3082acab053d,Inattivo,80,HTTP,Test,Data Center 1,Alta,Old,No,No,Generato automaticamente
Server-134,10.0.0.204,N/A,2 vCPUs,64 GB,512 GB SSD,Debian 10,Prometheus,Prod,kube-master,2ba19898-94bc-4235-8c07-07379036e0a9,Inattivo,443,HTTP,Test,Data Center 1,Alta,Latest,Sì,Sì,Generato automaticamente
Firewall-135,10.0.0.241,N/A,8 vCPUs,32 GB,1024 GB SSD,Ubuntu 20.04,Nagios,Prod,docker-swarm,57badbc1-6f92-4475-aa8b-3d27b30d81ef,Attivo,443,SSH,Produzione,Data Center 1,Alta,Old,No,Sì,Generato automaticamente
Firewall-136,172.16.0.241,N/A,4 vCPUs,8 GB,1024 GB SSD,Debian 10,CheckMK,Prod,ml,9e18310f-774e-451c-bead-14c78e310fbe,Attivo,22,HTTP,Sviluppo,Data Center 2,Alta,Old,Sì,No,Generato automaticamente
Server-137,192.168.1.140,N/A,4 vCPUs,8 GB,1024 GB SSD,CentOS 8,Prometheus,Prod,router,230ad46b-2ac3-4de2-aa40-8d3775dd714f,Attivo,443,HTTP,Produzione,Data Center 1,Bassa,Latest,No,Sì,Generato automaticamente
Gateway-138,192.168.1.117,N/A,16 vCPUs,8 GB,512 GB SSD,Ubuntu 20.04,Nagios,Test,kube-master,960fbfea-cfa2-441f-9bbd-235e9d155677,Attivo,443,HTTPS,Sviluppo,Data Center 2,Alta,Latest,Sì,No,Generato automaticamente
Firewall-139,10.0.1.149,N/A,16 vCPUs,32 GB,1024 GB SSD,Windows Server 2019,Prometheus,Test,kube-node,0ca39054-da86-4659-a1b2-b3aca41edc9c,Attivo,80,SSH,Produzione,Data Center 2,Bassa,Stable,No,No,Generato automaticamente
Router-140,172.16.0.36,N/A,16 vCPUs,8 GB,1024 GB SSD,Windows Server 2019,Prometheus,Test,independent,e6a008a0-340b-4f34-9f4f-011fe8c5c365,Attivo,443,HTTP,Sviluppo,Data Center 2,Bassa,Old,No,No,Generato automaticamente
Server-141,10.0.0.128,N/A,4 vCPUs,32 GB,1024 GB SSD,Debian 10,CheckMK,Test,gateway,780ef4f3-b898-44ba-95f2-cfd39563e56c,Attivo,80,HTTP,Sviluppo,Data Center 1,Alta,Latest,No,Sì,Generato automaticamente
Gateway-142,10.0.1.231,N/A,16 vCPUs,16 GB,1024 GB SSD,Ubuntu 20.04,Prometheus,Prod,web,9bdf6a9d-aa37-4fbf-9320-0e9bdb697a55,Inattivo,22,SSH,Produzione,Data Center 1,Alta,Latest,No,Sì,Generato automaticamente
Gateway-143,192.168.1.253,N/A,16 vCPUs,64 GB,512 GB SSD,CentOS 8,Prometheus,Dev,independent,9d325f90-2843-4a1f-9613-34f007a43afa,Inattivo,443,SSH,Produzione,Data Center 1,Alta,Stable,Sì,Sì,Generato automaticamente
Router-144,10.0.1.116,N/A,4 vCPUs,64 GB,256 GB SSD,Ubuntu 20.04,CheckMK,Dev,gateway,fc0761be-0674-4a07-83a3-d5bcb0d43b49,Inattivo,80,HTTP,Test,Data Center 1,Media,Latest,Sì,No,Generato automaticamente
Gateway-145,10.0.0.5,N/A,8 vCPUs,64 GB,512 GB SSD,Debian 10,Prometheus,Dev,dev,34f1c1b3-041e-4de8-a79e-fbef1b867121,Inattivo,80,HTTPS,Test,Data Center 2,Alta,Old,No,Sì,Generato automaticamente
VM-146,10.0.1.195,N/A,16 vCPUs,8 GB,512 GB SSD,Windows Server 2019,Prometheus,Prod,dev,3439774b-9947-48e6-b77c-0674cdd0fcf7,Inattivo,443,HTTP,Sviluppo,Data Center 1,Bassa,Old,No,Sì,Generato automaticamente
Router-147,10.0.1.200,N/A,8 vCPUs,64 GB,256 GB SSD,Debian 10,Prometheus,Dev,oracle-db,b4ac2fd0-d0bc-4395-a595-b2dedac4f3b6,Attivo,80,HTTP,Sviluppo,Data Center 2,Bassa,Old,Sì,Sì,Generato automaticamente
Server-148,10.0.0.174,N/A,2 vCPUs,32 GB,256 GB SSD,Debian 10,Nagios,Dev,gateway,95bd9b4d-306a-4a1c-ae29-bc6f1577370e,Attivo,80,HTTP,Produzione,Data Center 1,Media,Latest,Sì,No,Generato automaticamente
VM-149,10.0.1.250,N/A,8 vCPUs,8 GB,1024 GB SSD,Ubuntu 20.04,Prometheus,Dev,docker-swarm,d88802bd-1e25-41e9-84c0-d4217d6eebed,Attivo,22,SSH,Produzione,Data Center 1,Media,Stable,Sì,No,Generato automaticamente
Server-150,10.0.0.217,N/A,8 vCPUs,32 GB,256 GB SSD,Windows Server 2019,Prometheus,Prod,docker-swarm,8e3c747d-7e98-41e6-8f6b-8546b9063123,Inattivo,443,HTTP,Sviluppo,Data Center 2,Alta,Stable,No,Sì,Generato automaticamente
Firewall-151,192.168.1.207,N/A,16 vCPUs,8 GB,1024 GB SSD,Windows Server 2019,Nagios,Test,router,b6d54134-a987-48c9-9d04-3563e07ae16c,Attivo,22,SSH,Sviluppo,Data Center 1,Bassa,Stable,Sì,No,Generato automaticamente
VM-152,10.0.1.132,N/A,2 vCPUs,8 GB,1024 GB SSD,CentOS 8,Prometheus,Test,docker-swarm,dd2ee089-2396-4cca-a796-e2fbad70ba55,Attivo,80,HTTP,Sviluppo,Data Center 1,Alta,Stable,No,No,Generato automaticamente
Gateway-153,172.16.0.130,N/A,16 vCPUs,64 GB,1024 GB SSD,Debian 10,CheckMK,Test,kube-master,c5bb3ded-13f0-4d63-966a-b6438d5417bd,Attivo,22,HTTP,Test,Data Center 2,Media,Old,Sì,No,Generato automaticamente
Server-154,192.168.1.197,N/A,8 vCPUs,16 GB,256 GB SSD,Debian 10,CheckMK,Prod,monitor,26fd7f5f-b289-49d6-888b-2c4c10ce0eed,Inattivo,80,HTTP,Produzione,Data Center 1,Media,Old,Sì,Sì,Generato automaticamente
Firewall-155,10.0.0.156,N/A,4 vCPUs,16 GB,256 GB SSD,Ubuntu 20.04,Nagios,Dev,monitor,896fad41-940f-412b-9342-2a31b573b82d,Inattivo,443,HTTPS,Produzione,Data Center 2,Media,Old,No,Sì,Generato automaticamente
VM-156,192.168.1.236,N/A,2 vCPUs,16 GB,1024 GB SSD,Windows Server 2019,Prometheus,Dev,oracle-db,84edf5e6-47b2-43b2-9d8d-641efe8b5c60,Attivo,80,HTTPS,Sviluppo,Data Center 1,Bassa,Old,No,Sì,Generato automaticamente
Firewall-157,10.0.1.122,N/A,2 vCPUs,64 GB,512 GB SSD,Ubuntu 20.04,Nagios,Dev,independent,f7dbe10c-778d-4557-acde-6f38dc6c43da,Inattivo,443,HTTP,Sviluppo,Data Center 1,Media,Latest,No,No,Generato automaticamente
Gateway-158,192.168.1.189,N/A,2 vCPUs,8 GB,256 GB SSD,Debian 10,Prometheus,Dev,independent,37dd6191-b2bd-4257-9ef2-724e79467cc1,Attivo,22,HTTPS,Produzione,Data Center 1,Media,Old,No,Sì,Generato automaticamente
Router-159,172.16.0.94,N/A,4 vCPUs,8 GB,512 GB SSD,Debian 10,Nagios,Prod,router,9c0fdb45-1f15-462b-ba28-839af13801c9,Inattivo,80,SSH,Test,Data Center 2,Bassa,Old,No,Sì,Generato automaticamente
Firewall-160,172.16.0.125,N/A,4 vCPUs,16 GB,1024 GB SSD,Ubuntu 20.04,Prometheus,Test,dev,f66ee389-b04d-45e2-b7c4-e80d59399ba0,Attivo,443,HTTPS,Test,Data Center 2,Alta,Latest,No,Sì,Generato automaticamente
Gateway-161,10.0.1.218,N/A,4 vCPUs,8 GB,1024 GB SSD,Debian 10,Prometheus,Test,kube-node,c4083b00-7eed-4bc5-93f0-eea63ffdb687,Attivo,80,SSH,Test,Data Center 1,Alta,Old,No,No,Generato automaticamente
Firewall-162,10.0.1.187,N/A,8 vCPUs,8 GB,256 GB SSD,CentOS 8,Prometheus,Dev,oracle-db,01e6f9a5-9d14-4a38-ab00-7c115239c6ed,Attivo,443,SSH,Produzione,Data Center 1,Media,Stable,No,Sì,Generato automaticamente
Router-163,172.16.0.191,N/A,8 vCPUs,64 GB,256 GB SSD,Debian 10,Prometheus,Dev,router,79428850-e855-43ef-bfd5-67f803eaa404,Attivo,443,HTTPS,Sviluppo,Data Center 2,Bassa,Old,Sì,Sì,Generato automaticamente
Firewall-164,10.0.1.72,N/A,2 vCPUs,8 GB,512 GB SSD,Windows Server 2019,Nagios,Dev,oracle-db,30ee049c-62fa-4c20-a20c-ae53eab4911d,Inattivo,443,HTTP,Sviluppo,Data Center 2,Alta,Old,Sì,No,Generato automaticamente
VM-165,10.0.0.93,N/A,2 vCPUs,8 GB,1024 GB SSD,CentOS 8,Nagios,Prod,dev,51543efa-a32e-4206-a3b0-97aab470c671,Attivo,22,HTTPS,Test,Data Center 2,Bassa,Latest,Sì,No,Generato automaticamente
Firewall-166,10.0.0.6,N/A,16 vCPUs,32 GB,1024 GB SSD,Debian 10,CheckMK,Test,monitor,ce615960-1cc8-44e6-9617-86c53dfcaf94,Inattivo,80,HTTPS,Sviluppo,Data Center 2,Media,Stable,No,Sì,Generato automaticamente
Router-167,10.0.0.6,N/A,8 vCPUs,16 GB,256 GB SSD,Windows Server 2019,Prometheus,Dev,oracle-db,78b06015-00d1-4501-b3ee-ad11daab8530,Inattivo,22,HTTPS,Test,Data Center 1,Bassa,Latest,Sì,No,Generato automaticamente
Firewall-168,10.0.0.99,N/A,4 vCPUs,8 GB,1024 GB SSD,Debian 10,Prometheus,Prod,router,b86e2421-2dc4-48ae-8a90-41cf27497973,Attivo,80,SSH,Sviluppo,Data Center 1,Bassa,Stable,Sì,Sì,Generato automaticamente
Router-169,10.0.1.48,N/A,4 vCPUs,16 GB,256 GB SSD,Ubuntu 20.04,Nagios,Dev,ml,4cdcaa9e-db4f-4895-bba7-52f20e9cab4d,Inattivo,22,HTTPS,Test,Data Center 2,Media,Stable,Sì,Sì,Generato automaticamente
VM-170,10.0.0.115,N/A,4 vCPUs,32 GB,512 GB SSD,CentOS 8,CheckMK,Test,independent,7ed7c448-5024-4d0e-854f-43f07b317972,Attivo,443,HTTP,Sviluppo,Data Center 2,Bassa,Latest,Sì,No,Generato automaticamente
VM-171,10.0.1.7,N/A,8 vCPUs,16 GB,512 GB SSD,Windows Server 2019,CheckMK,Test,ml,aa0c6bc9-78d3-4e5f-abab-4261aeaeb24e,Inattivo,22,HTTPS,Sviluppo,Data Center 2,Media,Old,Sì,No,Generato automaticamente
VM-172,10.0.0.150,N/A,16 vCPUs,64 GB,256 GB SSD,Debian 10,Nagios,Prod,independent,0eb09147-ee58-47fa-b5c5-713967ebf602,Attivo,22,SSH,Test,Data Center 1,Media,Stable,No,No,Generato automaticamente
Firewall-173,192.168.1.85,N/A,4 vCPUs,64 GB,256 GB SSD,Windows Server 2019,Prometheus,Prod,router,d565d359-bbdf-463c-9b85-dad71707f392,Attivo,22,HTTPS,Test,Data Center 1,Bassa,Stable,Sì,Sì,Generato automaticamente
Gateway-174,192.168.1.124,N/A,4 vCPUs,64 GB,512 GB SSD,CentOS 8,Prometheus,Test,monitor,ce8d40a3-07a8-4ad5-b92b-b057cdd24751,Inattivo,22,HTTP,Test,Data Center 1,Media,Old,Sì,Sì,Generato automaticamente
VM-175,10.0.0.25,N/A,4 vCPUs,8 GB,512 GB SSD,Ubuntu 20.04,Prometheus,Dev,kube-node,171149af-fedf-43ec-800a-b19ff6b2ddfd,Inattivo,22,HTTP,Test,Data Center 1,Media,Old,Sì,No,Generato automaticamente
Firewall-176,10.0.1.225,N/A,16 vCPUs,8 GB,256 GB SSD,Windows Server 2019,CheckMK,Dev,independent,f7cbd7e6-1796-4334-94eb-94b0849b396f,Inattivo,80,SSH,Test,Data Center 2,Alta,Stable,Sì,No,Generato automaticamente
Server-177,10.0.1.16,N/A,4 vCPUs,16 GB,256 GB SSD,Windows Server 2019,Prometheus,Dev,kube-master,c6810dd4-21d0-49d8-9b59-13bb30b0ea62,Inattivo,80,SSH,Produzione,Data Center 1,Alta,Old,No,Sì,Generato automaticamente
Gateway-178,172.16.0.247,N/A,4 vCPUs,16 GB,256 GB SSD,Debian 10,Prometheus,Dev,kube-master,5fb06351-05e2-43da-9739-b642b0814318,Attivo,443,HTTP,Test,Data Center 1,Bassa,Latest,No,Sì,Generato automaticamente
Server-179,10.0.1.129,N/A,4 vCPUs,64 GB,512 GB SSD,Windows Server 2019,CheckMK,Test,oracle-db,05f3c3eb-5acd-494e-8044-221c9c72fa9a,Inattivo,443,SSH,Produzione,Data Center 1,Alta,Stable,Sì,No,Generato automaticamente
Router-180,10.0.1.192,N/A,4 vCPUs,16 GB,1024 GB SSD,Debian 10,Nagios,Test,gateway,a41e8d5e-7207-4432-9376-b133515810de,Inattivo,22,SSH,Produzione,Data Center 1,Alta,Latest,No,Sì,Generato automaticamente
Router-181,10.0.1.144,N/A,2 vCPUs,16 GB,256 GB SSD,Windows Server 2019,Prometheus,Dev,monitor,6196d702-149d-46ac-90d4-bd4af92e0b6b,Inattivo,22,HTTP,Test,Data Center 2,Alta,Stable,Sì,No,Generato automaticamente
Firewall-182,172.16.0.60,N/A,8 vCPUs,32 GB,256 GB SSD,Ubuntu 20.04,Prometheus,Prod,independent,9f9cd40e-aa1b-464f-8ea9-0a76c2c7ebfa,Inattivo,80,SSH,Sviluppo,Data Center 2,Bassa,Old,Sì,Sì,Generato automaticamente
Gateway-183,10.0.0.232,N/A,2 vCPUs,8 GB,256 GB SSD,Ubuntu 20.04,Prometheus,Test,kube-master,6408bf7b-80ff-4eb2-9f19-9fe10f141503,Attivo,22,HTTPS,Test,Data Center 2,Bassa,Latest,No,Sì,Generato automaticamente
Gateway-184,10.0.1.132,N/A,8 vCPUs,32 GB,256 GB SSD,CentOS 8,Nagios,Dev,independent,4526f645-7024-460a-9f54-8c544f94fb2b,Inattivo,22,HTTP,Test,Data Center 2,Alta,Stable,Sì,No,Generato automaticamente
Server-185,10.0.0.5,N/A,16 vCPUs,64 GB,1024 GB SSD,CentOS 8,CheckMK,Prod,kube-master,66ae3120-fefc-4bcc-8476-9ec42fe76a07,Inattivo,443,HTTP,Sviluppo,Data Center 2,Media,Old,No,No,Generato automaticamente
Server-186,10.0.0.173,N/A,2 vCPUs,8 GB,512 GB SSD,Debian 10,Nagios,Dev,router,b3ffa3cf-29f5-4d66-8854-94e685cb4653,Attivo,22,HTTPS,Test,Data Center 1,Alta,Stable,No,No,Generato automaticamente
Firewall-187,172.16.0.205,N/A,8 vCPUs,64 GB,1024 GB SSD,CentOS 8,CheckMK,Prod,independent,4e8de66a-2cb6-469c-bbf1-2e0772c0884f,Attivo,22,SSH,Produzione,Data Center 2,Bassa,Old,Sì,Sì,Generato automaticamente
Firewall-188,172.16.0.39,N/A,8 vCPUs,32 GB,256 GB SSD,Windows Server 2019,Nagios,Dev,web,8d8039f3-5f6b-4727-9eb3-aee5081725df,Attivo,22,HTTPS,Sviluppo,Data Center 1,Bassa,Stable,Sì,No,Generato automaticamente
Firewall-189,172.16.0.219,N/A,16 vCPUs,32 GB,512 GB SSD,CentOS 8,Prometheus,Dev,independent,327fb0e6-f191-4607-a94a-a09f3688674e,Inattivo,22,SSH,Sviluppo,Data Center 2,Media,Stable,No,Sì,Generato automaticamente
Firewall-190,192.168.1.22,N/A,8 vCPUs,8 GB,256 GB SSD,Windows Server 2019,CheckMK,Prod,kube-master,e8ae46a2-1e15-4ee4-8cd3-e4cc628afdea,Attivo,80,HTTPS,Sviluppo,Data Center 2,Bassa,Stable,No,Sì,Generato automaticamente
Router-191,10.0.1.63,N/A,4 vCPUs,32 GB,1024 GB SSD,CentOS 8,Prometheus,Dev,router,589697d3-e1a4-49f5-b14b-d716f6c9df3a,Inattivo,443,HTTP,Produzione,Data Center 1,Media,Latest,Sì,Sì,Generato automaticamente
Gateway-192,10.0.0.185,N/A,8 vCPUs,32 GB,512 GB SSD,CentOS 8,Prometheus,Test,dev,60756ba7-5d0b-4c66-8376-66f8bb72217d,Inattivo,80,HTTP,Test,Data Center 2,Alta,Old,Sì,No,Generato automaticamente
Router-193,192.168.1.74,N/A,4 vCPUs,64 GB,256 GB SSD,Debian 10,CheckMK,Dev,independent,e7dc66ad-0822-40a1-b7fc-1b35e961dc13,Inattivo,80,HTTP,Test,Data Center 2,Alta,Old,No,Sì,Generato automaticamente
Firewall-194,172.16.0.122,N/A,4 vCPUs,16 GB,256 GB SSD,Windows Server 2019,Nagios,Prod,test,9d8ca7db-b635-4e68-9195-d62ab66c64e8,Inattivo,80,HTTP,Produzione,Data Center 1,Bassa,Stable,Sì,No,Generato automaticamente
Router-195,10.0.1.194,N/A,16 vCPUs,32 GB,512 GB SSD,Windows Server 2019,CheckMK,Dev,dev,799fb523-30f7-4b11-8d93-91e11533678f,Inattivo,443,HTTPS,Sviluppo,Data Center 1,Media,Stable,Sì,Sì,Generato automaticamente
VM-196,10.0.1.139,N/A,8 vCPUs,64 GB,256 GB SSD,CentOS 8,CheckMK,Test,test,e5ee4ec5-a48a-4cd2-8953-f746a19040e8,Inattivo,22,SSH,Test,Data Center 2,Bassa,Stable,Sì,No,Generato automaticamente
Router-197,172.16.0.166,N/A,8 vCPUs,32 GB,512 GB SSD,Windows Server 2019,Prometheus,Dev,web,9bc7d91a-38f2-48ff-ac90-85a1698debae,Attivo,80,HTTP,Sviluppo,Data Center 1,Alta,Old,No,Sì,Generato automaticamente
Server-198,172.16.0.173,N/A,2 vCPUs,16 GB,512 GB SSD,CentOS 8,Nagios,Dev,test,07754116-7216-449f-910e-dbaf989270f7,Attivo,443,HTTPS,Test,Data Center 2,Bassa,Stable,No,Sì,Generato automaticamente
Server-199,10.0.0.150,N/A,2 vCPUs,8 GB,256 GB SSD,Ubuntu 20.04,CheckMK,Prod,router,c058b394-52e3-4cb2-862c-d39118651bd8,Attivo,80,HTTPS,Test,Data Center 1,Alta,Latest,No,No,Generato automaticamente
Server-200,172.16.0.146,N/A,2 vCPUs,64 GB,1024 GB SSD,Ubuntu 20.04,Prometheus,Dev,router,d856a5da-6ee2-4ada-aaaa-9095afe7dd4e,Attivo,443,HTTPS,Test,Data Center 2,Media,Old,No,Sì,Generato automaticamente
